Square Root of Length,avg period
0.8871302046,1.89
0.8336666,1.71
0.7681145748,1.44
0.7071067812,1.33
0.6,1.21
0.5385164807,1.09